{"scoring":null,"notes":"","legend":"Um supermercado tem $N$ funcionários que trabalham no caixa, identificados por números de $1$ a $N$. Assume-se que cada funcionário gasta $v_i$ segundos para processar um item de compra. Ou seja, se um cliente tem $c_j$ itens em sua cesta, um caixa levará $v_i*c_j$ segundos para processar todos os itens deste cliente.\n\nAo entrar na fila do caixa para ser atendido, um cliente aguarda ser atendido por um caixa livre. Se mais de um caixa estiver livre ao mesmo tempo, o cliente será atendido pelo caixa que possuir o menor número de identificação. Tal caixa só estará livre novamente após processar todos os itens deste cliente.\n\nHá $M$ clientes na fila para serem atendidos, cada um com um determinado número de itens na sua cesta. Dadas as informações sobre os funcionários nos caixas e os clientes, o gerente pediu sua ajuda para descobrir quanto tempo levará para atender todos os clientes da fila do supermercado.","authorLogin":"viniciusrpb","language":"english","timeLimit":1000,"output":"Imprima uma linha contendo um valor inteiro, que expressa o tempo total gasto para que todos os clientes sejam atendidos.","inputFile":"stdin","outputFile":"stdout","input":"A primeira linha conterá dois inteiros $N$ e $M$, indicando o número de funcionários no caixa e o número de clientes, respectivamente $(1 \\leq N \\leq M \\leq 10^4)$.\n\nA segunda linha descreve $N$ inteiros $v_i$, indicando quanto tempo leva para o $i$-ésimo funcionário processar um item $(1 \\leq v_i \\leq 100$, para todo $1 \\leq i \\leq N)$.\n\nA terceira linha apresenta $M$ inteiros $c_j$, indicando quantos itens o $j$-ésimo cliente tem em sua cesta $(1 \\leq c_j \\leq 100$, para todo $1 \\leq j \\leq M)$.","authorName":"Vinicius Borges","sampleTests":[{"output":"18\n","input":"1 1\n3\n6\n","inputFile":"example.01","outputFile":"example.01.a"},{"output":"8\n","input":"1 2\n1\n5 3\n","inputFile":"example.02","outputFile":"example.02.a"},{"output":"13\n","input":"2 3\n1 2\n10 5 3\n","inputFile":"example.03","outputFile":"example.03.a"}],"name":"Atendimento","interaction":null,"memoryLimit":268435456,"tutorial":""}
