<?xml version="1.0" encoding="utf-8" standalone="no"?>
<problem revision="5" short-name="neologismo" url="https://polygon.codeforces.com/p7wOPEt/gnramos/neologismo">
    <names>
        <name language="english" value="Neologismos"/>
    </names>
    <statements>
        <statement charset="UTF-8" language="english" mathjax="true" path="statements/english/problem.tex" type="application/x-tex"/>
        <statement charset="UTF-8" language="english" mathjax="true" path="statements/.html/english/problem.html" type="text/html"/>
        <statement language="english" path="statements/.pdf/english/problem.pdf" type="application/pdf"/>
    </statements>
    <tutorials>
        <tutorial charset="UTF-8" language="english" mathjax="true" path="statements/english/tutorial.tex" type="application/x-tex"/>
        <tutorial charset="UTF-8" language="english" mathjax="true" path="statements/.html/english/tutorial.html" type="text/html"/>
        <tutorial language="english" path="statements/.pdf/english/tutorial.pdf" type="application/pdf"/>
    </tutorials>
    <judging cpu-name="Intel(R) Core(TM) i3-8100 CPU @ 3.60GHz" cpu-speed="3600" input-file="" output-file="">
        <testset name="tests">
            <time-limit>1000</time-limit>
            <memory-limit>4194304</memory-limit>
            <test-count>13</test-count>
            <input-path-pattern>tests/%02d</input-path-pattern>
            <answer-path-pattern>tests/%02d.a</answer-path-pattern>
            <tests>
                <test method="manual" sample="true"/>
                <test method="manual" sample="true"/>
                <test cmd="generator 1" method="generated"/>
                <test cmd="generator 2" method="generated"/>
                <test cmd="generator 3" method="generated"/>
                <test cmd="generator 4" method="generated"/>
                <test cmd="generator 5" method="generated"/>
                <test cmd="generator 6" method="generated"/>
                <test cmd="generator 7" method="generated"/>
                <test cmd="generator 8" method="generated"/>
                <test cmd="generator 9" method="generated"/>
                <test cmd="generator 10" method="generated"/>
                <test description="Teste de exceção." method="manual"/>
            </tests>
        </testset>
    </judging>
    <files>
        <resources>
            <file path="files/olymp.sty"/>
            <file path="files/problem.tex"/>
            <file path="files/statements.ftl"/>
            <file path="files/testlib.h" type="h.g++"/>
            <file path="files/tutorial.tex"/>
        </resources>
        <executables>
            <executable>
                <source path="files/generator.py" type="python.3"/>
            </executable>
            <executable>
                <source path="files/validator.cpp" type="cpp.g++17"/>
            </executable>
        </executables>
    </files>
    <assets>
        <checker name="std::lcmp.cpp" type="testlib">
            <source path="files/check.cpp" type="cpp.g++17"/>
            <copy path="check.cpp"/>
            <testset>
                <test-count>5</test-count>
                <input-path-pattern>files/tests/checker-tests/%02d</input-path-pattern>
                <output-path-pattern>files/tests/checker-tests/%02d.o</output-path-pattern>
                <answer-path-pattern>files/tests/checker-tests/%02d.a</answer-path-pattern>
                <tests>
                    <test verdict="ok"/>
                    <test verdict="ok"/>
                    <test verdict="wrong-answer"/>
                    <test verdict="wrong-answer"/>
                    <test verdict="wrong-answer"/>
                </tests>
            </testset>
        </checker>
        <validators>
            <validator>
                <source path="files/validator.cpp" type="cpp.g++17"/>
                <testset>
                    <test-count>6</test-count>
                    <input-path-pattern>files/tests/validator-tests/%02d</input-path-pattern>
                    <tests>
                        <test verdict="valid"/>
                        <test verdict="invalid"/>
                        <test verdict="invalid"/>
                        <test verdict="invalid"/>
                        <test verdict="invalid"/>
                        <test verdict="invalid"/>
                    </tests>
                </testset>
            </validator>
        </validators>
        <solutions>
            <solution tag="main">
                <source path="solutions/solution.py" type="python.3"/>
            </solution>
        </solutions>
    </assets>
    <properties>
        <property name="tests-wellformed" value="true"/>
    </properties>
    <stresses>
        <stress-count>0</stress-count>
        <stress-path-pattern>stresses/%03d</stress-path-pattern>
        <list/>
    </stresses>
</problem>
