{"scoring":null,"notes":"No primeiro exemplo, \\texttt{C}-mone se lembra de Cometa, Empinadora e Dancarina, mas esquece-se dos demais.\n\nNo segundo exemplo, ela quase lembrou-se de todas as renas, faltando apenas Trovao.","legend":"E o que você fez? Chamou a grande artista \\texttt{C}-mone para alegrar a festa com cantigas natalinas!\n\nO problema é que, apesar de estar num país tropical, ela só lembrou da uma música sobre as renas da Lapônia, e nem isso lembrou direito... Na canção, as renas são apresentadas na seguinte ordem: Rodolfo, Corredora, Dancarina, Empinadora, Raposa, Cometa, Cupido, Trovao e Relampago; mas ela mal lembra os nomes (e a ordem)!\n\nSeu trabalho é ajudar o técnico de som a completar a música para que \\texttt{C}-mone brilhe como nunca!","authorLogin":"gnramos","language":"english","timeLimit":1000,"output":"A saída deve ser uma linha com os nomes das renas que não foram fornecidas na entrada, separadas por espaço, na ordem da canção. Caso \\texttt{C}-mone se lembre de todas as renas, nenhum caractere deve ser impresso.","inputFile":"stdin","outputFile":"stdout","input":"A entrada consiste de $N$ linhas ($ 1 \\leq N \\leq 9$), cada uma contendo o nome de uma das renas.","authorName":"Guilherme Ramos","sampleTests":[{"output":"Rodolfo Corredora Raposa Cupido Trovao Relampago\n","input":"Cometa\nEmpinadora\nCometa\nCometa\nEmpinadora\nDancarina\n","inputFile":"example.01","outputFile":"example.01.a"},{"output":"Trovao\n","input":"Cometa\nCorredora\nCupido\nDancarina\nEmpinadora\nRaposa\nRelampago\nRodolfo\n","inputFile":"example.02","outputFile":"example.02.a"}],"name":"Então é Natal!","interaction":null,"memoryLimit":268435456,"tutorial":"Há diversas formas de resolver o problema, a mais simples sendo marcar de alguma forma quais foram as renas nomeadas e, ao mostrar todas na ordem da canção, ignorar as marcadas."}
