{"scoring":null,"notes":"No primeiro caso, os números listados são de 1 a 10, portanto Polly pulou o 0.\r\n\r\nNo segundo exemplo, são dados os números de 0 a 9, e Polly pulou o 10.\r\n\r\nNo terceiro exemplo, Polly pulou 4.","legend":"Polly quer um biscoito. E contar de $0$ até $N$. O problema é que Polly tem uma abordagem caótica e sempre pula um número, mas nunca se lembra qual.\r\n\r\nDada uma sequência de $N$ inteiros, indique qual deles Polly pulou.","authorLogin":"gnramos","language":"english","timeLimit":1000,"output":"Apresente o número no intervalo $[0, N]$ que não foi dito por Polly.","inputFile":"stdin","outputFile":"stdout","input":"A primeira linha da entrada apresenta o valor de $N$ ($1 \\leq N \\leq 100$). A segunda linha fornece $N$ inteiros distintos $i$ ($0 \\leq i \\leq N$), separados por espaço.","authorName":"Guilherme Ramos","sampleTests":[{"output":"0\r\n","input":"10\r\n1 2 3 4 5 6 7 8 9 10\r\n","inputFile":"example.01","outputFile":"example.01.a"},{"output":"10\r\n","input":"10\r\n9 8 7 6 5 4 3 2 1 0\r\n","inputFile":"example.02","outputFile":"example.02.a"},{"output":"4\r\n","input":"5\r\n3 1 5 0 2\r\n","inputFile":"example.03","outputFile":"example.03.a"}],"name":"Sem número","interaction":null,"memoryLimit":268435456,"tutorial":"Uma solução simples é armazenar os $N$ valores, ordená-los e verificar qual o índice que não corresponde ao valor armazenado. Supondo um algoritmo eficiente de ordenação, esta abordagem tem complexidade $O(n\\log{n})$.\r\n\r\nUma solução mais elegante é considerar que todos os números são distintos e na sequência de 0 a $N$, formando uma Progressão Aritmética de razão $1$ cuja soma dos elementos é facilmente calculada. A diferença deste valor para a soma dos inteiros apresentados na entrada será o número que Polly pulou. Esta solução tem complexidade $O(n)$."}