{"scoring":null,"notes":"O primeiro caso é bem comum.","legend":"O avanço dos maratonistas \\emph{triggerou} a incorporação de neologismos à comunicação, dificultando a interface com os técnicos. Sem perspectivas de reverter a situação, e irredutíveis quanto ao uso dos ``novos'' termos, os técnicos se viram forçados à comunicação por meio de um tradutor. O processo é simples, basta acrescentar ``ar'' ao termo dado. A única exceção é o termo ``code'', que os maratonistas insistem em declamar como ``codar''.\n\n\\begin{center}\n\\includegraphics[scale=0.5]{bandeiras.png}\n\\end{center}\n\nDefina um programa que, dada uma instrução em inglês, a traduza como um neologismo de maratonista.","authorLogin":"gnramos","language":"english","timeLimit":1000,"output":"A saída deve ser a versão do termo dado, traduzida como um neologismo verbal de maratonista. ","inputFile":"stdin","outputFile":"stdout","input":"A entrada consiste em um string, com não mais de 50 letras minúsculas, definindo um único termo em inglês.","authorName":"Guilherme Ramos","sampleTests":[{"output":"printar\n","input":"print\n","inputFile":"example.01","outputFile":"example.01.a"},{"output":"setupar\n","input":"setup\n","inputFile":"example.02","outputFile":"example.02.a"}],"name":"Neologismos","interaction":null,"memoryLimit":4194304,"tutorial":"Basta testar o termo dado para a exceção e apresentar a versão traduzida conforme descrita."}
