<?xml version="1.0" encoding="utf-8" standalone="no"?>
<problem revision="1" short-name="ed-pilha-dec2bin" url="https://polygon.codeforces.com/p2DAfiH/viniciusrpb/ed-pilha-dec2bin">
    <names>
        <name language="english" value="Decimal para Binário"/>
    </names>
    <statements>
        <statement charset="UTF-8" language="english" mathjax="true" path="statements/english/problem.tex" type="application/x-tex"/>
        <statement language="english" path="statements/.pdf/english/problem.pdf" type="application/pdf"/>
        <statement charset="UTF-8" language="english" mathjax="true" path="statements/.html/english/problem.html" type="text/html"/>
    </statements>
    <judging cpu-name="Intel(R) Core(TM) i3-8100 CPU @ 3.60GHz" cpu-speed="3600" input-file="" output-file="">
        <testset name="tests">
            <time-limit>1000</time-limit>
            <memory-limit>268435456</memory-limit>
            <test-count>104</test-count>
            <input-path-pattern>tests/%02d</input-path-pattern>
            <answer-path-pattern>tests/%02d.a</answer-path-pattern>
            <tests>
                <test cmd="ed_generator_pilhas_a" from-file="1" method="generated" sample="true"/>
                <test cmd="ed_generator_pilhas_a" from-file="2" method="generated" sample="true"/>
                <test cmd="ed_generator_pilhas_a" from-file="3" method="generated" sample="true"/>
                <test cmd="ed_generator_pilhas_a" from-file="4" method="generated" sample="true"/>
                <test cmd="ed_generator_pilhas_a" from-file="5" method="generated"/>
                <test cmd="ed_generator_pilhas_a" from-file="6" method="generated"/>
                <test cmd="ed_generator_pilhas_a" from-file="7" method="generated"/>
                <test cmd="ed_generator_pilhas_a" from-file="8" method="generated"/>
                <test cmd="ed_generator_pilhas_a" from-file="9" method="generated"/>
                <test cmd="ed_generator_pilhas_a" from-file="10" method="generated"/>
                <test cmd="ed_generator_pilhas_a" from-file="11" method="generated"/>
                <test cmd="ed_generator_pilhas_a" from-file="12" method="generated"/>
                <test cmd="ed_generator_pilhas_a" from-file="13" method="generated"/>
                <test cmd="ed_generator_pilhas_a" from-file="14" method="generated"/>
                <test cmd="ed_generator_pilhas_a" from-file="15" method="generated"/>
                <test cmd="ed_generator_pilhas_a" from-file="16" method="generated"/>
                <test cmd="ed_generator_pilhas_a" from-file="17" method="generated"/>
                <test cmd="ed_generator_pilhas_a" from-file="18" method="generated"/>
                <test cmd="ed_generator_pilhas_a" from-file="19" method="generated"/>
                <test cmd="ed_generator_pilhas_a" from-file="20" method="generated"/>
                <test cmd="ed_generator_pilhas_a" from-file="21" method="generated"/>
                <test cmd="ed_generator_pilhas_a" from-file="22" method="generated"/>
                <test cmd="ed_generator_pilhas_a" from-file="23" method="generated"/>
                <test cmd="ed_generator_pilhas_a" from-file="24" method="generated"/>
                <test cmd="ed_generator_pilhas_a" from-file="25" method="generated"/>
                <test cmd="ed_generator_pilhas_a" from-file="26" method="generated"/>
                <test cmd="ed_generator_pilhas_a" from-file="27" method="generated"/>
                <test cmd="ed_generator_pilhas_a" from-file="28" method="generated"/>
                <test cmd="ed_generator_pilhas_a" from-file="29" method="generated"/>
                <test cmd="ed_generator_pilhas_a" from-file="30" method="generated"/>
                <test cmd="ed_generator_pilhas_a" from-file="31" method="generated"/>
                <test cmd="ed_generator_pilhas_a" from-file="32" method="generated"/>
                <test cmd="ed_generator_pilhas_a" from-file="33" method="generated"/>
                <test cmd="ed_generator_pilhas_a" from-file="34" method="generated"/>
                <test cmd="ed_generator_pilhas_a" from-file="35" method="generated"/>
                <test cmd="ed_generator_pilhas_a" from-file="36" method="generated"/>
                <test cmd="ed_generator_pilhas_a" from-file="37" method="generated"/>
                <test cmd="ed_generator_pilhas_a" from-file="38" method="generated"/>
                <test cmd="ed_generator_pilhas_a" from-file="39" method="generated"/>
                <test cmd="ed_generator_pilhas_a" from-file="40" method="generated"/>
                <test cmd="ed_generator_pilhas_a" from-file="41" method="generated"/>
                <test cmd="ed_generator_pilhas_a" from-file="42" method="generated"/>
                <test cmd="ed_generator_pilhas_a" from-file="43" method="generated"/>
                <test cmd="ed_generator_pilhas_a" from-file="44" method="generated"/>
                <test cmd="ed_generator_pilhas_a" from-file="45" method="generated"/>
                <test cmd="ed_generator_pilhas_a" from-file="46" method="generated"/>
                <test cmd="ed_generator_pilhas_a" from-file="47" method="generated"/>
                <test cmd="ed_generator_pilhas_a" from-file="48" method="generated"/>
                <test cmd="ed_generator_pilhas_a" from-file="49" method="generated"/>
                <test cmd="ed_generator_pilhas_a" from-file="50" method="generated"/>
                <test cmd="ed_generator_pilhas_a" from-file="51" method="generated"/>
                <test cmd="ed_generator_pilhas_a" from-file="52" method="generated"/>
                <test cmd="ed_generator_pilhas_a" from-file="53" method="generated"/>
                <test cmd="ed_generator_pilhas_a" from-file="54" method="generated"/>
                <test cmd="ed_generator_pilhas_a" from-file="55" method="generated"/>
                <test cmd="ed_generator_pilhas_a" from-file="56" method="generated"/>
                <test cmd="ed_generator_pilhas_a" from-file="57" method="generated"/>
                <test cmd="ed_generator_pilhas_a" from-file="58" method="generated"/>
                <test cmd="ed_generator_pilhas_a" from-file="59" method="generated"/>
                <test cmd="ed_generator_pilhas_a" from-file="60" method="generated"/>
                <test cmd="ed_generator_pilhas_a" from-file="61" method="generated"/>
                <test cmd="ed_generator_pilhas_a" from-file="62" method="generated"/>
                <test cmd="ed_generator_pilhas_a" from-file="63" method="generated"/>
                <test cmd="ed_generator_pilhas_a" from-file="64" method="generated"/>
                <test cmd="ed_generator_pilhas_a" from-file="65" method="generated"/>
                <test cmd="ed_generator_pilhas_a" from-file="66" method="generated"/>
                <test cmd="ed_generator_pilhas_a" from-file="67" method="generated"/>
                <test cmd="ed_generator_pilhas_a" from-file="68" method="generated"/>
                <test cmd="ed_generator_pilhas_a" from-file="69" method="generated"/>
                <test cmd="ed_generator_pilhas_a" from-file="70" method="generated"/>
                <test cmd="ed_generator_pilhas_a" from-file="71" method="generated"/>
                <test cmd="ed_generator_pilhas_a" from-file="72" method="generated"/>
                <test cmd="ed_generator_pilhas_a" from-file="73" method="generated"/>
                <test cmd="ed_generator_pilhas_a" from-file="74" method="generated"/>
                <test cmd="ed_generator_pilhas_a" from-file="75" method="generated"/>
                <test cmd="ed_generator_pilhas_a" from-file="76" method="generated"/>
                <test cmd="ed_generator_pilhas_a" from-file="77" method="generated"/>
                <test cmd="ed_generator_pilhas_a" from-file="78" method="generated"/>
                <test cmd="ed_generator_pilhas_a" from-file="79" method="generated"/>
                <test cmd="ed_generator_pilhas_a" from-file="80" method="generated"/>
                <test cmd="ed_generator_pilhas_a" from-file="81" method="generated"/>
                <test cmd="ed_generator_pilhas_a" from-file="82" method="generated"/>
                <test cmd="ed_generator_pilhas_a" from-file="83" method="generated"/>
                <test cmd="ed_generator_pilhas_a" from-file="84" method="generated"/>
                <test cmd="ed_generator_pilhas_a" from-file="85" method="generated"/>
                <test cmd="ed_generator_pilhas_a" from-file="86" method="generated"/>
                <test cmd="ed_generator_pilhas_a" from-file="87" method="generated"/>
                <test cmd="ed_generator_pilhas_a" from-file="88" method="generated"/>
                <test cmd="ed_generator_pilhas_a" from-file="89" method="generated"/>
                <test cmd="ed_generator_pilhas_a" from-file="90" method="generated"/>
                <test cmd="ed_generator_pilhas_a" from-file="91" method="generated"/>
                <test cmd="ed_generator_pilhas_a" from-file="92" method="generated"/>
                <test cmd="ed_generator_pilhas_a" from-file="93" method="generated"/>
                <test cmd="ed_generator_pilhas_a" from-file="94" method="generated"/>
                <test cmd="ed_generator_pilhas_a" from-file="95" method="generated"/>
                <test cmd="ed_generator_pilhas_a" from-file="96" method="generated"/>
                <test cmd="ed_generator_pilhas_a" from-file="97" method="generated"/>
                <test cmd="ed_generator_pilhas_a" from-file="98" method="generated"/>
                <test cmd="ed_generator_pilhas_a" from-file="99" method="generated"/>
                <test cmd="ed_generator_pilhas_a" from-file="100" method="generated"/>
                <test cmd="ed_generator_pilhas_a" from-file="101" method="generated"/>
                <test cmd="ed_generator_pilhas_a" from-file="102" method="generated"/>
                <test cmd="ed_generator_pilhas_a" from-file="103" method="generated"/>
                <test cmd="ed_generator_pilhas_a" from-file="104" method="generated"/>
            </tests>
        </testset>
    </judging>
    <files>
        <resources>
            <file path="files/olymp.sty"/>
            <file path="files/problem.tex"/>
            <file path="files/statements.ftl"/>
            <file path="files/testlib.h" type="h.g++"/>
        </resources>
        <executables>
            <executable>
                <source path="files/ed_generator_pilhas_a.cpp" type="cpp.g++11"/>
            </executable>
            <executable>
                <source path="files/ed_validator_pilhas_a.cpp" type="cpp.g++11"/>
            </executable>
        </executables>
    </files>
    <assets>
        <checker name="std::lcmp.cpp" type="testlib">
            <source path="files/check.cpp" type="cpp.g++17"/>
            <copy path="check.cpp"/>
            <testset>
                <test-count>0</test-count>
                <input-path-pattern>files/tests/checker-tests/%02d</input-path-pattern>
                <output-path-pattern>files/tests/checker-tests/%02d.o</output-path-pattern>
                <answer-path-pattern>files/tests/checker-tests/%02d.a</answer-path-pattern>
                <tests/>
            </testset>
        </checker>
        <validators>
            <validator>
                <source path="files/ed_validator_pilhas_a.cpp" type="cpp.g++11"/>
                <testset>
                    <test-count>1</test-count>
                    <input-path-pattern>files/tests/validator-tests/%02d</input-path-pattern>
                    <tests>
                        <test verdict="valid"/>
                    </tests>
                </testset>
            </validator>
        </validators>
        <solutions>
            <solution tag="main">
                <source path="solutions/dec2bin.c" type="cpp.g++11"/>
            </solution>
        </solutions>
    </assets>
    <properties>
        <property name="tests-wellformed" value="true"/>
    </properties>
    <stresses>
        <stress-count>0</stress-count>
        <stress-path-pattern>stresses/%03d</stress-path-pattern>
        <list/>
    </stresses>
    <tags>
        <tag value="data structures"/>
        <tag value="math"/>
    </tags>
</problem>
