<?xml version="1.0" encoding="utf-8" standalone="no"?>
<problem revision="4" short-name="entao-e-natal" url="https://polygon.codeforces.com/p5XQ0ei/gnramos/entao-e-natal">
    <names>
        <name language="english" value="Então é Natal!"/>
    </names>
    <statements>
        <statement charset="UTF-8" language="english" mathjax="true" path="statements/english/problem.tex" type="application/x-tex"/>
        <statement charset="UTF-8" language="english" mathjax="true" path="statements/.html/english/problem.html" type="text/html"/>
        <statement language="english" path="statements/.pdf/english/problem.pdf" type="application/pdf"/>
    </statements>
    <tutorials>
        <tutorial charset="UTF-8" language="english" mathjax="true" path="statements/english/tutorial.tex" type="application/x-tex"/>
        <tutorial charset="UTF-8" language="english" mathjax="true" path="statements/.html/english/tutorial.html" type="text/html"/>
        <tutorial language="english" path="statements/.pdf/english/tutorial.pdf" type="application/pdf"/>
    </tutorials>
    <judging cpu-name="Intel(R) Core(TM) i3-8100 CPU @ 3.60GHz" cpu-speed="3600" input-file="" output-file="">
        <testset name="tests">
            <time-limit>1000</time-limit>
            <memory-limit>268435456</memory-limit>
            <test-count>47</test-count>
            <input-path-pattern>tests/%02d</input-path-pattern>
            <answer-path-pattern>tests/%02d.a</answer-path-pattern>
            <tests>
                <test method="manual" sample="true"/>
                <test method="manual" sample="true"/>
                <test method="manual"/>
                <test method="manual"/>
                <test cmd="generator 1" method="generated"/>
                <test cmd="generator 2" method="generated"/>
                <test cmd="generator 3" method="generated"/>
                <test cmd="generator 4" method="generated"/>
                <test cmd="generator 5" method="generated"/>
                <test cmd="generator 6" method="generated"/>
                <test cmd="generator 7" method="generated"/>
                <test cmd="generator 8" method="generated"/>
                <test cmd="generator 9" method="generated"/>
                <test cmd="generator 10" method="generated"/>
                <test cmd="generator 11" method="generated"/>
                <test cmd="generator 12" method="generated"/>
                <test cmd="generator 13" method="generated"/>
                <test cmd="generator 14" method="generated"/>
                <test cmd="generator 15" method="generated"/>
                <test cmd="generator 16" method="generated"/>
                <test cmd="generator 17" method="generated"/>
                <test cmd="generator 18" method="generated"/>
                <test cmd="generator 19" method="generated"/>
                <test cmd="generator 20" method="generated"/>
                <test cmd="generator 23" method="generated"/>
                <test cmd="generator 123" method="generated"/>
                <test cmd="generator 2357" method="generated"/>
                <test cmd="generator 103" method="generated"/>
                <test cmd="generator 106" method="generated"/>
                <test cmd="generator 111" method="generated"/>
                <test cmd="generator 212" method="generated"/>
                <test cmd="generator 239" method="generated"/>
                <test cmd="generator 260" method="generated"/>
                <test cmd="generator 273" method="generated"/>
                <test cmd="generator 332" method="generated"/>
                <test cmd="generator 450" method="generated"/>
                <test cmd="generator 481" method="generated"/>
                <test cmd="generator 487" method="generated"/>
                <test cmd="generator 497" method="generated"/>
                <test cmd="generator 55" method="generated"/>
                <test cmd="generator 610" method="generated"/>
                <test cmd="generator 621" method="generated"/>
                <test cmd="generator 678" method="generated"/>
                <test cmd="generator 866" method="generated"/>
                <test cmd="generator 890" method="generated"/>
                <test cmd="generator 912" method="generated"/>
                <test cmd="generator 974" method="generated"/>
            </tests>
        </testset>
    </judging>
    <files>
        <resources>
            <file path="files/olymp.sty"/>
            <file path="files/problem.tex"/>
            <file path="files/statements.ftl"/>
            <file path="files/testlib.h" type="h.g++"/>
            <file path="files/tutorial.tex"/>
        </resources>
        <executables>
            <executable>
                <source path="files/generator.py" type="python.3"/>
                <binary path="files/generator.pys3" type="pythonx.3"/>
            </executable>
            <executable>
                <source path="files/validator.cpp" type="cpp.ms"/>
                <binary path="files/validator.exe" type="exe.win32"/>
            </executable>
        </executables>
    </files>
    <assets>
        <checker name="std::wcmp.cpp" type="testlib">
            <source path="files/check.cpp" type="cpp.g++17"/>
            <binary path="check.exe" type="exe.win32"/>
            <copy path="check.cpp"/>
            <testset>
                <test-count>0</test-count>
                <input-path-pattern>files/tests/checker-tests/%02d</input-path-pattern>
                <output-path-pattern>files/tests/checker-tests/%02d.o</output-path-pattern>
                <answer-path-pattern>files/tests/checker-tests/%02d.a</answer-path-pattern>
                <tests/>
            </testset>
        </checker>
        <validators>
            <validator>
                <source path="files/validator.cpp" type="cpp.ms"/>
                <binary path="files/validator.exe" type="exe.win32"/>
                <testset>
                    <test-count>7</test-count>
                    <input-path-pattern>files/tests/validator-tests/%02d</input-path-pattern>
                    <tests>
                        <test verdict="valid"/>
                        <test verdict="invalid"/>
                        <test verdict="invalid"/>
                        <test verdict="valid"/>
                        <test verdict="valid"/>
                        <test verdict="invalid"/>
                        <test verdict="invalid"/>
                    </tests>
                </testset>
            </validator>
        </validators>
        <solutions>
            <solution tag="accepted">
                <source path="solutions/entao-e-natal.py" type="python.pypy3"/>
                <binary path="solutions/entao-e-natal.pypys3" type="pythonx.pypy3"/>
            </solution>
            <solution tag="accepted">
                <source path="solutions/entao_e_natal.cpp" type="cpp.g++17"/>
                <binary path="solutions/entao_e_natal.exe" type="exe.win32"/>
            </solution>
            <solution tag="main">
                <source path="solutions/renas.py" type="python.3"/>
                <binary path="solutions/renas.pys3" type="pythonx.3"/>
            </solution>
        </solutions>
    </assets>
    <properties>
        <property name="tests-wellformed" value="true"/>
    </properties>
    <stresses>
        <stress-count>0</stress-count>
        <stress-path-pattern>stresses/%03d</stress-path-pattern>
        <list/>
    </stresses>
    <tags>
        <tag value="strings"/>
    </tags>
</problem>
