<?xml version="1.0" encoding="utf-8" standalone="no"?>
<problem revision="4" short-name="ed-pilhas-pedrasprec" url="https://polygon.codeforces.com/p3UQ44P/viniciusrpb/ed-pilhas-pedrasprec">
    <names>
        <name language="english" value="Ouro alienígena"/>
    </names>
    <statements>
        <statement charset="UTF-8" language="english" mathjax="true" path="statements/english/problem.tex" type="application/x-tex"/>
        <statement language="english" path="statements/.pdf/english/problem.pdf" type="application/pdf"/>
        <statement charset="UTF-8" language="english" mathjax="true" path="statements/.html/english/problem.html" type="text/html"/>
    </statements>
    <judging cpu-name="Intel(R) Core(TM) i3-8100 CPU @ 3.60GHz" cpu-speed="3600" input-file="" output-file="">
        <testset name="tests">
            <time-limit>1000</time-limit>
            <memory-limit>268435456</memory-limit>
            <test-count>25</test-count>
            <input-path-pattern>tests/%02d</input-path-pattern>
            <answer-path-pattern>tests/%02d.a</answer-path-pattern>
            <tests>
                <test cmd="ed_generator_pilhas_c" from-file="1" method="generated" sample="true"/>
                <test cmd="ed_generator_pilhas_c" from-file="2" method="generated" sample="true"/>
                <test cmd="ed_generator_pilhas_c" from-file="3" method="generated" sample="true"/>
                <test cmd="ed_generator_pilhas_c" from-file="4" method="generated"/>
                <test cmd="ed_generator_pilhas_c" from-file="5" method="generated"/>
                <test cmd="ed_generator_pilhas_c" from-file="6" method="generated"/>
                <test cmd="ed_generator_pilhas_c" from-file="7" method="generated"/>
                <test cmd="ed_generator_pilhas_c" from-file="8" method="generated"/>
                <test cmd="ed_generator_pilhas_c" from-file="9" method="generated"/>
                <test cmd="ed_generator_pilhas_c" from-file="10" method="generated"/>
                <test cmd="ed_generator_pilhas_c" from-file="11" method="generated"/>
                <test cmd="ed_generator_pilhas_c" from-file="12" method="generated"/>
                <test cmd="ed_generator_pilhas_c" from-file="13" method="generated"/>
                <test cmd="ed_generator_pilhas_c" from-file="14" method="generated"/>
                <test cmd="ed_generator_pilhas_c" from-file="15" method="generated"/>
                <test cmd="ed_generator_pilhas_c" from-file="16" method="generated"/>
                <test cmd="ed_generator_pilhas_c" from-file="17" method="generated"/>
                <test cmd="ed_generator_pilhas_c" from-file="18" method="generated"/>
                <test cmd="ed_generator_pilhas_c" from-file="19" method="generated"/>
                <test cmd="ed_generator_pilhas_c" from-file="20" method="generated"/>
                <test cmd="ed_generator_pilhas_c" from-file="21" method="generated"/>
                <test cmd="ed_generator_pilhas_c" from-file="22" method="generated"/>
                <test cmd="ed_generator_pilhas_c" from-file="23" method="generated"/>
                <test cmd="ed_generator_pilhas_c" from-file="24" method="generated"/>
                <test cmd="ed_generator_pilhas_c" from-file="25" method="generated"/>
            </tests>
        </testset>
    </judging>
    <files>
        <resources>
            <file path="files/olymp.sty"/>
            <file path="files/problem.tex"/>
            <file path="files/statements.ftl"/>
            <file path="files/testlib.h" type="h.g++"/>
        </resources>
        <executables>
            <executable>
                <source path="files/ed_generator_pilhas_c.cpp" type="cpp.g++17"/>
            </executable>
            <executable>
                <source path="files/ed_validator_pilhas_c.cpp" type="cpp.g++17"/>
            </executable>
        </executables>
    </files>
    <assets>
        <checker name="std::wcmp.cpp" type="testlib">
            <source path="files/check.cpp" type="cpp.g++17"/>
            <copy path="check.cpp"/>
            <testset>
                <test-count>0</test-count>
                <input-path-pattern>files/tests/checker-tests/%02d</input-path-pattern>
                <output-path-pattern>files/tests/checker-tests/%02d.o</output-path-pattern>
                <answer-path-pattern>files/tests/checker-tests/%02d.a</answer-path-pattern>
                <tests/>
            </testset>
        </checker>
        <validators>
            <validator>
                <source path="files/ed_validator_pilhas_c.cpp" type="cpp.g++17"/>
                <testset>
                    <test-count>1</test-count>
                    <input-path-pattern>files/tests/validator-tests/%02d</input-path-pattern>
                    <tests>
                        <test verdict="valid"/>
                    </tests>
                </testset>
            </validator>
        </validators>
        <solutions>
            <solution tag="main">
                <source path="solutions/ed_pilha_caverna.cpp" type="cpp.g++17"/>
            </solution>
        </solutions>
    </assets>
    <properties>
        <property name="tests-wellformed" value="true"/>
    </properties>
    <stresses>
        <stress-count>0</stress-count>
        <stress-path-pattern>stresses/%03d</stress-path-pattern>
        <list/>
    </stresses>
    <tags>
        <tag value="data structures"/>
    </tags>
</problem>
