{"scoring":null,"notes":"","legend":"Dado um número inteiro $N$, sua tarefa é obter sua representação numérica no sistema binário.","authorLogin":"viniciusrpb","language":"english","timeLimit":1000,"output":"Imprima o número $N$ convertido em binário.","inputFile":"stdin","outputFile":"stdout","input":"A entrada consiste de um número inteiro $0 \\leq N \\leq 2^{31}-1$.","authorName":"Vinicius Borges","sampleTests":[{"output":"10","input":"2\n","inputFile":"example.01","outputFile":"example.01.a"},{"output":"110","input":"6\n","inputFile":"example.02","outputFile":"example.02.a"},{"output":"1101","input":"13\n","inputFile":"example.03","outputFile":"example.03.a"},{"output":"1111000010","input":"962\n","inputFile":"example.04","outputFile":"example.04.a"}],"name":"Decimal para Binário","interaction":null,"memoryLimit":268435456,"tutorial":""}
