{"scoring":null,"notes":"","legend":"Uma antiga estação de trem na Nlogonia ainda adota técnicas tradicionais para organizar vagões de trens. Diversos governos não se preocuparam em modernizar a estação. \n\nA estação de trem está localizada em uma região montanhosa da Nlogonia. Por isso, a estação foi construída em um terreno extremamente pequeno, fazendo com que o trilho possuíse um formato de um beco sem saída como mostra a imagem abaixo.\n\n\\begin{center}\n\\includegraphics[scale=0.6]{estacao.eps} \n\\end{center}\n\nNessa estação, cada trem que chega da direção \\textbf{A} segue seu caminho pela direção \\textbf{B} após reorganização dos vagões pelos funcionários da estação. Assuma que um trem com $1 \\leq N \\leq 1000$ vagões, sendo que cada vagão é numerado em ordem crescente como $1,2,...,N$. O funcionário-chefe da estação é responsável por fazer com que um trem deixe a estação pela direção \\textbf{B} com os vagões em uma determinada ordem $a_1, a_2,...,a_N$.\n\nElabore um algoritmo que decide se é possível obter a ordem de saída dos vagões $a_1, a_2,...,a_N$ pela direção \\textbf{B} a partir da configuração original dos vagões do trem ao chegar pela direção \\textbf{A}. Para esse propósito, assuma que os vagões podem ser individualmente desconectados do trem antes que chegar à estação da Nlogonia e que tais vagões podem ser movidos entre eles até que estejam no trilho pela direção \\textbf{B}.  Pode-se assumir também que a estação comporta quantos vagões forem necessários em qualquer momento da movimentação dos vagões do trem. No entanto, vale lembrar que a partir do momento que os vagões adentram a estação, eles não podem retornar para os trilhos pela direção \\textbf{A}. Tal lógica também vale para os vagões que deixaram a estação pela direção \\textbf{B}, não podendo retornar para a estação.\n\n\n","authorLogin":"viniciusrpb","language":"english","timeLimit":1000,"output":"Imprima ``sim'' (sem as aspas duplas) caso seja possível obter a configuração de vagões $b_1,b_2,...,b_N$ a partir da configuração inicial $1,2,...,N$. Caso não seja possível, deve-se imprimir ``nao''.\n","inputFile":"stdin","outputFile":"stdout","input":"A primeira linha da entrada contém um valor inteiro $1 \\leq N \\leq 1000$ representando a quantidade de vagões de um trem. A segunda linha contém $N$ inteiros $a_1,a_2,...,a_N$ indicando uma possível configuração de saída dos vagões da estação pela direção \\textbf{B}.","authorName":"Vinicius Borges","sampleTests":[{"output":"sim\n","input":"4\n4 3 2 1\n","inputFile":"example.01","outputFile":"example.01.a"},{"output":"sim\n","input":"5\n1 2 3 4 5\n","inputFile":"example.02","outputFile":"example.02.a"},{"output":"nao\n","input":"5\n5 4 1 2 3\n","inputFile":"example.03","outputFile":"example.03.a"}],"name":"Vagões de trem","interaction":null,"memoryLimit":268435456,"tutorial":""}
