<?xml version="1.0" encoding="utf-8" standalone="no"?>
<problem revision="2" short-name="ed-pilha-nrocontainers" url="https://polygon.codeforces.com/p4d88rO/viniciusrpb/ed-pilha-nrocontainers">
    <names>
        <name language="english" value="Containers II"/>
    </names>
    <statements>
        <statement charset="UTF-8" language="english" mathjax="true" path="statements/english/problem.tex" type="application/x-tex"/>
        <statement charset="UTF-8" language="english" mathjax="true" path="statements/.html/english/problem.html" type="text/html"/>
        <statement language="english" path="statements/.pdf/english/problem.pdf" type="application/pdf"/>
    </statements>
    <judging cpu-name="Intel(R) Core(TM) i3-8100 CPU @ 3.60GHz" cpu-speed="3600" input-file="" output-file="">
        <testset name="tests">
            <time-limit>1000</time-limit>
            <memory-limit>268435456</memory-limit>
            <test-count>60</test-count>
            <input-path-pattern>tests/%02d</input-path-pattern>
            <answer-path-pattern>tests/%02d.a</answer-path-pattern>
            <tests>
                <test cmd="generator_pilha_containers2" from-file="1" method="generated" sample="true"/>
                <test cmd="generator_pilha_containers2" from-file="2" method="generated" sample="true"/>
                <test cmd="generator_pilha_containers2" from-file="3" method="generated" sample="true"/>
                <test cmd="generator_pilha_containers2" from-file="4" method="generated" sample="true"/>
                <test cmd="generator_pilha_containers2" from-file="5" method="generated"/>
                <test cmd="generator_pilha_containers2" from-file="6" method="generated"/>
                <test cmd="generator_pilha_containers2" from-file="7" method="generated"/>
                <test cmd="generator_pilha_containers2" from-file="8" method="generated"/>
                <test cmd="generator_pilha_containers2" from-file="9" method="generated"/>
                <test cmd="generator_pilha_containers2" from-file="10" method="generated"/>
                <test cmd="generator_pilha_containers2" from-file="11" method="generated"/>
                <test cmd="generator_pilha_containers2" from-file="12" method="generated"/>
                <test cmd="generator_pilha_containers2" from-file="13" method="generated"/>
                <test cmd="generator_pilha_containers2" from-file="14" method="generated"/>
                <test cmd="generator_pilha_containers2" from-file="15" method="generated"/>
                <test cmd="generator_pilha_containers2" from-file="16" method="generated"/>
                <test cmd="generator_pilha_containers2" from-file="17" method="generated"/>
                <test cmd="generator_pilha_containers2" from-file="18" method="generated"/>
                <test cmd="generator_pilha_containers2" from-file="19" method="generated"/>
                <test cmd="generator_pilha_containers2" from-file="20" method="generated"/>
                <test cmd="generator_pilha_containers2" from-file="21" method="generated"/>
                <test cmd="generator_pilha_containers2" from-file="22" method="generated"/>
                <test cmd="generator_pilha_containers2" from-file="23" method="generated"/>
                <test cmd="generator_pilha_containers2" from-file="24" method="generated"/>
                <test cmd="generator_pilha_containers2" from-file="25" method="generated"/>
                <test cmd="generator_pilha_containers2" from-file="26" method="generated"/>
                <test cmd="generator_pilha_containers2" from-file="27" method="generated"/>
                <test cmd="generator_pilha_containers2" from-file="28" method="generated"/>
                <test cmd="generator_pilha_containers2" from-file="29" method="generated"/>
                <test cmd="generator_pilha_containers2" from-file="30" method="generated"/>
                <test cmd="generator_pilha_containers2" from-file="31" method="generated"/>
                <test cmd="generator_pilha_containers2" from-file="32" method="generated"/>
                <test cmd="generator_pilha_containers2" from-file="33" method="generated"/>
                <test cmd="generator_pilha_containers2" from-file="34" method="generated"/>
                <test cmd="generator_pilha_containers2" from-file="35" method="generated"/>
                <test cmd="generator_pilha_containers2" from-file="36" method="generated"/>
                <test cmd="generator_pilha_containers2" from-file="37" method="generated"/>
                <test cmd="generator_pilha_containers2" from-file="38" method="generated"/>
                <test cmd="generator_pilha_containers2" from-file="39" method="generated"/>
                <test cmd="generator_pilha_containers2" from-file="40" method="generated"/>
                <test cmd="generator_pilha_containers2" from-file="41" method="generated"/>
                <test cmd="generator_pilha_containers2" from-file="42" method="generated"/>
                <test cmd="generator_pilha_containers2" from-file="43" method="generated"/>
                <test cmd="generator_pilha_containers2" from-file="44" method="generated"/>
                <test cmd="generator_pilha_containers2" from-file="45" method="generated"/>
                <test cmd="generator_pilha_containers2" from-file="46" method="generated"/>
                <test cmd="generator_pilha_containers2" from-file="47" method="generated"/>
                <test cmd="generator_pilha_containers2" from-file="48" method="generated"/>
                <test cmd="generator_pilha_containers2" from-file="49" method="generated"/>
                <test cmd="generator_pilha_containers2" from-file="50" method="generated"/>
                <test cmd="generator_pilha_containers2" from-file="51" method="generated"/>
                <test cmd="generator_pilha_containers2" from-file="52" method="generated"/>
                <test cmd="generator_pilha_containers2" from-file="53" method="generated"/>
                <test cmd="generator_pilha_containers2" from-file="54" method="generated"/>
                <test cmd="generator_pilha_containers2" from-file="55" method="generated"/>
                <test cmd="generator_pilha_containers2" from-file="56" method="generated"/>
                <test cmd="generator_pilha_containers2" from-file="57" method="generated"/>
                <test cmd="generator_pilha_containers2" from-file="58" method="generated"/>
                <test cmd="generator_pilha_containers2" from-file="59" method="generated"/>
                <test cmd="generator_pilha_containers2" from-file="60" method="generated"/>
            </tests>
        </testset>
    </judging>
    <files>
        <resources>
            <file path="files/olymp.sty"/>
            <file path="files/problem.tex"/>
            <file path="files/statements.ftl"/>
            <file path="files/testlib.h" type="h.g++"/>
        </resources>
        <executables>
            <executable>
                <source path="files/generator_pilha_containers2.cpp" type="cpp.g++17"/>
            </executable>
            <executable>
                <source path="files/validator_pilha_containers2.cpp" type="cpp.g++17"/>
            </executable>
        </executables>
    </files>
    <assets>
        <checker name="std::lcmp.cpp" type="testlib">
            <source path="files/check.cpp" type="cpp.g++17"/>
            <copy path="check.cpp"/>
            <testset>
                <test-count>0</test-count>
                <input-path-pattern>files/tests/checker-tests/%02d</input-path-pattern>
                <output-path-pattern>files/tests/checker-tests/%02d.o</output-path-pattern>
                <answer-path-pattern>files/tests/checker-tests/%02d.a</answer-path-pattern>
                <tests/>
            </testset>
        </checker>
        <validators>
            <validator>
                <source path="files/validator_pilha_containers2.cpp" type="cpp.g++17"/>
                <testset>
                    <test-count>2</test-count>
                    <input-path-pattern>files/tests/validator-tests/%02d</input-path-pattern>
                    <tests>
                        <test verdict="valid"/>
                        <test verdict="valid"/>
                    </tests>
                </testset>
            </validator>
        </validators>
        <solutions>
            <solution tag="main">
                <source path="solutions/solucao_pilha_containers2.cpp" type="cpp.g++17"/>
            </solution>
        </solutions>
    </assets>
    <properties>
        <property name="tests-wellformed" value="true"/>
    </properties>
    <stresses>
        <stress-count>0</stress-count>
        <stress-path-pattern>stresses/%03d</stress-path-pattern>
        <list/>
    </stresses>
    <tags>
        <tag value="data structures"/>
        <tag value="stack"/>
    </tags>
</problem>
